{
  "timestamp": "2025-07-27T19:49:54.829426",
  "model_config": {
    "kernel_size": 25
  },
  "training_config": {
    "batch_size": 4,
    "learning_rate": 0.001,
    "num_epochs": 15,
    "train_split": 0.8,
    "val_split": 0.2,
    "save_interval": 5,
    "log_interval": 5
  },
  "train_losses": [
    11.485716743333965,
    11.340832247181705,
    11.340832315043636,
    11.34083231887637,
    11.340832323385468,
    11.609698810983211,
    11.605420065489785,
    11.589816822791494,
    11.589655479809917,
    11.58965548183901,
    11.589655487926294,
    11.589272357273327,
    11.588509475987571,
    11.588509476438482,
    11.588509476663937
  ],
  "val_losses": [
    11.341992005057957,
    11.341992005057957,
    11.341992005057957,
    11.341992005057957,
    11.341992005057957,
    11.638514684594195,
    11.601939269860885,
    11.592591514659514,
    11.592591514659514,
    11.592591514659514,
    11.592591514659514,
    11.591463390054685,
    11.591463390054685,
    11.591463390054685,
    11.591463390054685
  ],
  "best_val_loss": 11.341992005057957,
  "device": "cuda"
}